len,Levenshtein,ItLevenshtein
1,0.01303,0.04973
2,0.05930,0.0658
3,0.291,0.08521
4,1.490,0.1137
5,7.836,0.1389
